0;0;0
6.12323399574e-17;0.0;1.0
1.22416393426e-16;2.43126671095e-18;2.0
1.83452944217e-16;7.3240086955e-18;3.0
0.0150750099354;0.000696442934122;3.99988612304
0.0431386039101;0.000765932433057;4.99949226041
0.0686875022713;0.000400095172706;5.99916576708
0.118577732094;-0.000841188844022;6.99791970284
0.145769637833;-0.00100363132129;7.99754992141
0.217409806669;-0.00105053822041;8.99498046235
0.30229517412;-0.0027935044458;9.99136966164
0.372498600246;-0.00473902843842;10.9889004601
0.473270350986;-0.0109661340566;11.9837905432
0.59950133005;-0.0137578975605;12.9757874918
0.744048584974;-0.0169027589602;13.9652803927
0.846746192833;-0.0198220635294;14.9599887313
0.951651500544;-0.0228269508943;15.9544664068
1.03018481987;-0.0273791849832;16.9513675027
1.12687820345;-0.0365675720297;17.9466393063
1.23042169837;-0.0414999021474;18.9412520032
1.34162864812;-0.0491640170891;19.9350197204
1.47421745331;-0.0597557239265;20.9261342569
1.64350179145;-0.0793848249634;21.9115060198
1.85548827736;-0.0975727655319;22.8886093555
2.02118972459;-0.105522797095;23.8747532737
2.16524856934;-0.113772430024;24.8642880092
2.33424228167;-0.123085883514;25.8498611343
2.48145165228;-0.13766005932;26.8388591093
2.62596506342;-0.154115835491;27.828225109
2.76440777388;-0.173354125584;28.8184086799
2.8726636727;-0.182900563179;29.8124859032
3.02450793266;-0.198417414019;30.8007685288
3.14831882389;-0.211926718093;31.7929823979
3.23305097894;-0.219316432881;32.7893587595
3.34110480025;-0.233310405897;33.7834053079
3.49874602749;-0.259579805569;34.7705522889
3.63424936163;-0.278346122595;35.7611514368
3.72123142901;-0.28774458235;36.7573169797
3.77725502478;-0.296487438032;37.7557081452
3.81802802548;-0.302792322254;38.7548566881
3.81802802548;-0.302792322254;39.7548566881
3.85229938508;-0.308790970991;40.7542512499
3.9103142644;-0.317655813085;41.7525276086
3.92506187931;-0.319548651577;42.752417065
3.92506187931;-0.319548651577;43.752417065
3.96745249629;-0.326759358748;44.7514921579
4.04839663717;-0.342486821896;45.7480867058
4.16631721768;-0.368975078017;46.7407563936
4.28822750823;-0.401865311211;47.7327524186
4.44031187961;-0.451290176954;48.7198833758
4.61076708345;-0.50852009148;49.7035854447
4.78484787413;-0.562841885166;50.6868173711
4.96499027172;-0.616364598475;51.6690006715
5.10663610065;-0.654081269404;52.6581992926
5.25171031366;-0.694890001222;53.6467781312
5.44420774316;-0.739056149038;54.627081192
5.61534185874;-0.775267807325;55.6116632507
5.83224129557;-0.809716579295;56.5872491856
6.09704257101;-0.848900215211;57.5507557643
6.31733349356;-0.891592885071;58.5252552488
6.58380644339;-0.93543336622;59.4881000854
6.83341646865;-0.97060321146;60.4558076431
7.09177152916;-1.01189518851;61.4209747972
7.39942645298;-1.04900701919;62.3717487766
7.67975873426;-1.06920588858;63.3314392567
7.98890803106;-1.09271558539;64.282162143
8.33281637705;-1.10807734196;65.2210396994
8.66620293126;-1.11851534883;66.1637721395
8.98623021824;-1.11213002567;67.1111589471
9.35092328854;-1.12369459719;68.0422149202
9.74599254454;-1.15500054346;68.96033268
10.1508177127;-1.18790221579;69.8741346624
10.5078513701;-1.22916222382;70.8073144839
10.837330797;-1.27789716216;71.7502186217
11.189073764;-1.33393115731;72.6846366633
11.5565503519;-1.3935533138;73.6127563516
11.9574341777;-1.44386684537;74.5275026043
12.3727387893;-1.48963357775;75.4360330033
12.7795691344;-1.5434095514;76.3479525254
13.1791424778;-1.58158421064;77.2638585461
13.6210996454;-1.6448639678;78.1586599398
14.0685887554;-1.72323478038;79.0495086993
14.5350530257;-1.81257160117;79.9295257542
15.0053291532;-1.92557666084;80.8047801289
15.4829309205;-2.05203424656;81.6742081195
16.0063495241;-2.1632670657;82.518992249
16.4919278405;-2.26103877901;83.3877007103
17.0091412124;-2.38106213149;84.2350995082
17.5395567803;-2.51085915482;85.0728417467
18.0221203083;-2.65415505225;85.9369011932
18.5177602825;-2.77479495825;86.7970099242
19.0499856057;-2.90201930384;87.6339986764
19.5418534513;-3.01851985605;88.4968391273
20.0297032056;-3.12944216727;89.3626906493
20.5394228531;-3.22997061292;90.2171377878
21.0132194246;-3.31073574103;91.0940607051
21.4786947665;-3.41058013098;91.9734717603
21.9367680726;-3.52355629351;92.8551776256
22.4207130295;-3.64582027081;93.7216929449
22.9368159899;-3.79428326931;94.5652547223
23.4410466454;-3.96500234489;95.4117808254
23.9188739065;-4.124070423;96.2757127991
24.3642595483;-4.28635266676;97.1562218015
24.7806107929;-4.42934787358;98.0541104427
25.203425846;-4.56570521046;98.9500089345
25.5898213687;-4.68104568498;99.8651018669
25.9781526275;-4.79500324828;100.779548425
26.3991313605;-4.92261842453;101.677597017
26.8620857015;-5.04543558386;102.555429132
27.2872490459;-5.13665345901;103.455937561
27.7020960777;-5.24843428303;104.358936447
28.1019209616;-5.35816386226;105.268936162
28.4746647372;-5.48114575892;106.188684785
28.8553225704;-5.61963761049;107.102971185
29.2705390601;-5.77156887597;107.999917202
29.6389875243;-5.92468853808;108.916868727
30.0041771955;-6.06650684733;109.836936154
30.3921267248;-6.2160436436;110.74640518
30.7653110442;-6.36579125226;111.661997403
31.1597745487;-6.53801566482;112.564625397
31.5581870445;-6.72341132752;113.462899259
31.9937427042;-6.92954098037;114.339142281
32.4276717646;-7.15482142676;115.211469221
32.8838690109;-7.37638972013;116.073322784
33.3518789215;-7.62150349065;116.92237282
33.7732270077;-7.86501272881;117.795968287
34.2425475912;-8.10830568754;118.644818525
34.7502141357;-8.35427667875;119.47051396
35.2460859861;-8.57034084151;120.311600986
35.7206445424;-8.80324528381;121.160452974
36.229018993;-9.02512199084;121.992514357
36.7494723878;-9.23517557437;122.820165102
37.258713817;-9.41198044324;123.662431809
37.8083956643;-9.60103714219;124.47613165
38.372315363;-9.81171142798;125.274637078
38.913983502;-10.0454896285;126.082067186
39.4680321566;-10.3125039729;126.870567933
40.0363300315;-10.5534218725;127.65733098
40.6102235735;-10.7877939925;128.442006653
41.1880825239;-10.9958663283;129.231173895
41.7340081093;-11.2001938481;130.043710368
42.2901743153;-11.3950028736;130.851626573
42.8249719429;-11.5942667685;131.672775401
43.3850214521;-11.8115136;132.47224295
43.9415718261;-12.0134590492;133.27813979
44.5038860835;-12.2426223294;134.07267542
45.032045337;-12.4806827575;134.887767461
45.5356561015;-12.7031789971;135.72255583
46.0722733214;-12.9179052058;136.538603999
46.5736719392;-13.146114963;137.373181577
47.0558872919;-13.3558018644;138.223769466
47.5492494734;-13.5912326314;139.061126088
48.0154351095;-13.8355456739;139.911409623
48.5087503233;-14.0863758172;140.744310781
48.9634962966;-14.3265610596;141.601933745
49.3857171651;-14.5427444376;142.482271342
49.8340314202;-14.7885314904;143.341691527
50.2507899371;-15.0205285462;144.220605462
50.7010149347;-15.2471143903;145.084293083
51.1096044132;-15.4576621285;145.97239459
51.5230562828;-15.6619439209;146.859708797
51.9601597597;-15.8628972714;147.736383367
52.409157138;-16.0733496552;148.604779099
52.8715030804;-16.2683253034;149.469776629
53.3299403189;-16.4705634032;150.335186965
53.8191676197;-16.6718149835;151.183806107
54.3095048548;-16.8674754928;152.033091902
54.7808007687;-17.0435310748;152.897316753
55.2198372574;-17.2127368324;153.779709168
55.6760243379;-17.4038636792;154.64882589
56.1377144336;-17.6175046567;155.509755497
56.5702722668;-17.8035156358;156.391965016
56.9993044879;-17.993891991;157.274964561
57.4287947231;-18.1933790874;158.15572732
57.8489431395;-18.4049571247;159.038172809
58.278652854;-18.6350496533;159.91133201
58.7118589382;-18.8660584184;160.782519383
59.1004828983;-19.0987277287;161.674055366
59.4903849047;-19.3364886857;162.563687961
59.8807057141;-19.5873773951;163.449523454
60.2394788151;-19.8107211512;164.355834344
60.5645636448;-20.0100011662;165.280284087
60.9304839775;-20.2342167665;166.183516989
61.2742586756;-20.4436971691;167.098905933
61.6081855782;-20.6243525582;168.024031035
61.8957719673;-20.7907745424;168.967215954
62.1919590345;-20.9532830712;169.908419545
62.5144407207;-21.1152684981;170.841032156
62.8728368745;-21.2973418967;171.756674813
63.1989091884;-21.4803813904;172.684130143
63.5150360764;-21.6529159343;173.617026505
63.8015621711;-21.8214541081;174.560158352
64.0803279232;-21.980768614;175.507210908
64.3611962776;-22.1354122168;176.454416442
64.6029859148;-22.2765915703;177.414419651
64.8448977884;-22.4190775994;178.374198989
65.1302569439;-22.5844079642;179.318251965
65.422143891;-22.7421221204;180.261612053
65.6820614185;-22.8801445776;181.217327848
65.9292774549;-23.0210405928;182.175989699
66.2173480853;-23.1721384012;183.121603131
66.5051768636;-23.3401751745;184.064427737
66.7536123121;-23.4913298864;185.021209886
67.0304559977;-23.6452188869;185.969722274
67.278315548;-23.7959015705;186.926728215
67.5031676351;-23.940246147;187.89037036
67.7092812697;-24.0711308837;188.860105558
67.9115022597;-24.1883142897;189.832409379
68.1412197312;-24.3115225291;190.797836545
68.3666500714;-24.4373294432;191.763938912
68.5974255971;-24.5633677888;192.728748215
68.8211140873;-24.6868571341;193.695554215
69.0272374093;-24.8070101287;194.66667544
69.2341264187;-24.9180017133;195.638723693
69.4574832244;-25.0513817749;196.604291659
69.6428629433;-25.1569671791;197.581269694
69.8132382107;-25.250487833;198.562200964
70.0245401577;-25.361923716;199.53324861
70.2058409013;-25.4673489208;200.511009095
70.35587435;-25.5461796918;201.496542288
70.5461314464;-25.6543826956;202.472295509
70.7158165825;-25.7430591723;203.453796113
70.8472590487;-25.8077993957;204.443003666
70.9381438031;-25.8571974961;205.437639171
71.0254712876;-25.9033220046;206.432750441
71.1194167256;-25.9489398127;207.427282125
71.2158923589;-25.9954244656;208.421531405
71.3304313344;-26.0517552662;209.413351783
71.4491622131;-26.1027979843;210.404965428
71.5326085877;-26.1345691885;211.400971097
71.5699542095;-26.1480711883;212.400182286
71.6036175852;-26.1620478594;213.39951778
71.6036175852;-26.1620478594;214.39951778
71.6036175852;-26.1620478594;215.39951778
71.6036175852;-26.1620478594;216.39951778
71.6523616376;-26.1807220114;217.398154498
71.6659383177;-26.1855494916;218.398050677
71.6961152496;-26.1970838386;219.397528696
71.7175349228;-26.2044431691;220.397272182
71.7175349228;-26.2044431691;221.397272182
71.7175349228;-26.2044431691;222.397272182
71.7335601573;-26.2092889857;223.397132028
71.7840483352;-26.2234093584;224.395756862
71.8646706871;-26.2451226363;225.39226505
71.9082115053;-26.2584006888;226.391228458
71.9434150022;-26.2691688078;227.390550609
71.9744880476;-26.2800778744;228.390008191
71.9856265878;-26.2838359826;229.389939093
72.0024943909;-26.2890243298;230.38978336
72.0639430208;-26.3073517181;231.387725329
72.1134666819;-26.3236247448;232.386365703
72.1351256364;-26.3312137813;233.386102316
72.1351256364;-26.3312137813;234.386102316
72.1825858492;-26.3436597101;235.384897904
72.1972675698;-26.3471649783;236.384783978
72.2547169981;-26.3605902288;237.383042124
72.30733139;-26.3726629367;238.381584048
72.3189413923;-26.3755367395;239.38151252
72.3630362727;-26.3868862729;240.380475397
72.3920348724;-26.3934586915;241.380033242
72.4332440288;-26.4029314431;242.379138878
72.4846385753;-26.4138932494;243.377757143
72.4910189703;-26.4155176486;244.377735469
72.5250175431;-26.4253357561;245.377109124
72.5250175431;-26.4253357561;246.377109124
72.5601243331;-26.4363644058;247.376431835
72.577394703;-26.4414353157;248.376269832
72.5995198251;-26.4473270935;249.376007681
72.6087026819;-26.4501207357;250.375961615
72.6087026819;-26.4501207357;251.375961615
72.652013223;-26.4623823458;252.374948027
72.7126699417;-26.477905529;253.372985998
72.7539586056;-26.4872024937;254.372090003
72.7834540729;-26.4950754842;255.371623912
72.8078949488;-26.502627327;256.371296665
72.8302815529;-26.5104914399;257.371015123
72.8611270759;-26.5209762565;258.370484293
72.8680457091;-26.5234301322;259.370457348
72.8950263332;-26.5333750845;260.370043835
72.9582599651;-26.556821873;261.367767121
72.9963543529;-26.5705254349;262.3669473
73.0145332815;-26.5768133432;263.366762277
73.0623590757;-26.593102727;264.365485136
73.0972523353;-26.6062900734;265.364789171
73.0972523353;-26.6062900734;266.364789171
73.1041824597;-26.6088324654;267.364761926
73.1041824597;-26.6088324654;268.364761926
73.1116938078;-26.6116152371;269.364729843
73.16414555;-26.6308131242;270.363168753
73.205421388;-26.6465376476;271.362192799
73.2656301832;-26.6668921351;272.360171053
73.3674187653;-26.6998013248;273.354432623
73.4958904698;-26.7428264585;274.345212043
73.6300511699;-26.7927821219;275.334911663
73.7239007847;-26.8233454588;276.330028808
73.8247557791;-26.8528054288;277.324493679
73.8992294499;-26.8717351303;278.321536978
73.9701120869;-26.8936574468;279.318780711
74.0166319592;-26.9099584947;280.317565061
74.0561988191;-26.9218772496;281.316710899
74.0961715248;-26.9348810242;282.315827051
74.1815058037;-26.9594500532;283.311876459
74.2916174411;-26.9914971544;284.305278901
74.3812495623;-27.0218854836;285.300790143
74.4770904462;-27.056629902;286.295580246
74.5998705097;-27.1024338436;287.28695659
74.6935601296;-27.1358422772;288.281997359
74.7636414697;-27.1610193547;289.279220865
74.8029492846;-27.1731426819;290.278374467
74.8806624924;-27.1962535238;291.275082321
74.9297159903;-27.2081222471;292.273807953
75.0235454704;-27.2316666157;293.2691178
75.0761520426;-27.2461232783;294.267628467
75.0892921106;-27.250170573;295.267533942
75.0892921106;-27.250170573;296.267533942
75.106017171;-27.2567535755;297.267372397
75.1543583678;-27.2731284067;298.266069044
75.2494532018;-27.3016719817;299.261127956
75.3870026557;-27.3396975191;300.250892678
75.5490058278;-27.3804193043;301.236842326
75.7227776547;-27.426869444;302.220532184
75.934467188;-27.4938662318;303.195570118
76.1021316108;-27.5481281956;304.179919792
76.3028206664;-27.6145323731;305.157321648
76.4600390809;-27.6669389713;306.143494005
76.65313848;-27.7378502997;307.122107415
76.801314921;-27.8001529093;308.109103933
76.918133147;-27.8465456134;309.101173094
77.0499408535;-27.8941719547;310.091303621
77.2033801635;-27.9541421029;311.077640257
77.3442667034;-28.0126638661;312.065934841
77.5326654039;-28.0878736414;313.045143409
77.6769259363;-28.1389008922;314.033366622
77.8335838461;-28.1881466451;315.019791051
77.9904038871;-28.237583724;316.006180148
78.1602010695;-28.2939766623;316.990044343
78.3156708696;-28.3494766865;317.976324672
78.4862962442;-28.4188293118;318.959216932
78.7028548365;-28.5028807174;319.931861645
78.9381039678;-28.5935140746;320.899561723
79.1488086394;-28.6791137012;321.873356488
79.3428183727;-28.7489768421;322.851865234
79.5246045074;-28.804255568;323.833648338
79.736578385;-28.8693123098;324.808755868
79.9705425207;-28.9528577268;325.7774049
80.1680497523;-29.0295280333;326.754703502
80.3604909191;-29.1060741168;327.733022006
80.5549631226;-29.1827759867;328.710926595
80.7430143218;-29.2501204418;329.690774272
80.8918436318;-29.2962960422;330.678558485
81.0016802562;-29.3272633484;331.672025616
81.092965106;-29.3578701155;332.667379976
81.2110592781;-29.4033809615;333.659338912
81.2948856148;-29.4363548469;334.655273582
81.4055295854;-29.4752370368;335.648372816
81.5177309636;-29.5147590915;336.641272034
81.6083350772;-29.5471395773;337.636632471
81.6662253806;-29.5676327549;338.634745061
81.753219392;-29.5938865874;339.630607892
81.8746626028;-29.6367789478;340.622279103
81.9541739446;-29.6637173965;341.618749006
82.0734621254;-29.7021168209;342.610865841
82.156527642;-29.7247274227;343.60715339
82.2564499331;-29.7490417896;344.601851508
82.3993525268;-29.7788697457;345.591138697
82.5707680087;-29.8145228498;346.575692194
82.7544307839;-29.8582829107;347.557706981
82.9105247657;-29.8939596091;348.544804668
83.0428163578;-29.9271893944;349.535458349
83.2050580543;-29.9714171765;350.521217719
83.3649381117;-30.0145896796;351.507409638
83.5602506782;-30.0582999443;352.487176148
83.7545124167;-30.111306909;353.466692681
83.990238569;-30.1773122346;354.436268093
84.2715101862;-30.2570278296;355.392579601
84.5518644354;-30.3346538968;356.34933228
84.870435626;-30.4264971322;357.292771317
85.2186743661;-30.5190210325;358.225599869
85.6004164742;-30.6047798891;359.145881555
85.9505158668;-30.6959243191;360.078149279
86.2983560098;-30.7933569551;361.010626687
86.6166618692;-30.8680115336;361.95567064
86.9603776834;-30.9442615232;362.891643598
87.2630126857;-31.0022385252;363.842985136
87.5234701618;-31.0609746498;364.806682169
87.7459301983;-31.1105315319;365.780363661
87.9790590623;-31.1586569571;366.751617941
88.2293660294;-31.2140919998;367.718196121
88.4952964141;-31.2830108563;368.679721587
88.7576098595;-31.3543495575;369.642063754
88.9963687292;-31.408761249;370.611617037
89.2428698558;-31.454196559;371.579693908
89.5110499362;-31.5009422403;372.541927916
89.7946961379;-31.5526321288;373.499462765
90.0823291095;-31.5907737262;374.456443691
90.3825249656;-31.6394968112;375.409076101
90.6532258913;-31.6899626868;376.370415897
90.9527245167;-31.7475454132;377.322773395
91.2513639736;-31.8046089183;378.275431902
91.5393569139;-31.8650277152;379.231156567
91.8661735203;-31.9174737857;380.174788018
92.1529820002;-31.9751265411;381.131039583
92.3926790527;-32.0192366599;382.100884736
92.6736035595;-32.0682872521;383.059360328
92.9737309226;-32.1123957953;384.012239125
93.24813185;-32.1449340881;384.973303843
93.5307514844;-32.1817411126;385.931829474
93.8469186612;-32.2338719425;386.8790996
94.1450415514;-32.2952345305;387.831652683
94.4201468708;-32.3514229553;388.791423449
94.7054278233;-32.4089472504;389.748139569
95.0290593305;-32.4649584721;390.692663465
95.3205635696;-32.5193851819;391.647683366
95.6527851015;-32.5739314783;392.589306197
96.0261338561;-32.6369624277;393.514853498
96.3683253311;-32.7053235031;394.4519937
96.6991349674;-32.7858866522;395.392246094
97.006599279;-32.8500916339;396.341637171
97.3010891109;-32.89606754;397.296185208
97.5468539612;-32.9418337876;398.264433672
97.8209544556;-32.9837840429;399.225219338
98.0782070226;-33.0151235353;400.191055221
98.3214443451;-33.0334055324;401.160849722
98.5406889746;-33.0412812222;402.136487854
98.7291904338;-33.0494676483;403.118526643
98.8696433319;-33.0561854566;404.108591214
99.0488246255;-33.0587994614;405.092403813
99.2269177325;-33.0585624964;406.076417426
99.3748889166;-33.0525697807;407.065390942
99.50689952;-33.046761205;408.056622227
99.5930750944;-33.0401472442;409.052880239
99.6944055772;-33.0313684852;410.047694325
99.8096986542;-33.0182447565;411.040939146
99.9209778147;-33.0018817819;412.034593614
100.025942442;-32.9859198495;413.028941463
100.1411969;-32.9626604655;414.022005112
100.247516097;-32.9432707655;415.016148093
100.376470297;-32.918344483;416.007485319
100.501025643;-32.8911721115;416.999325844
100.63908812;-32.8667147241;417.989447346
100.738022688;-32.8510697702;418.984418294
100.82546934;-32.8357592764;419.980469835
100.947435336;-32.8113679087;420.972704362
101.037886955;-32.7936202081;421.968447061
101.146886135;-32.771213648;422.962236337
101.229125181;-32.7535253966;423.958691989
101.350575828;-32.7215360251;424.95077385
101.497328678;-32.6852044571;425.9392796
101.634533249;-32.6545700586;426.929348507
101.82125228;-32.6216939642;427.911211616
101.969010986;-32.5990399094;428.899975571
102.144300274;-32.5785329489;429.884278944
102.269379146;-32.5676959069;430.876366559
102.435867343;-32.5542169448;431.862317875
102.616486667;-32.5352163141;432.845687406
102.789861139;-32.5227021293;433.830463872
102.944031437;-32.5082657465;434.818402691
103.107509895;-32.4932351306;435.804835089
103.29624711;-32.4676808654;436.786530175
103.500666052;-32.4479887275;437.765215577
103.694966267;-32.4217607891;438.745806991
103.921486323;-32.3814442671;439.718978735
104.120049656;-32.3397258704;440.698178499
104.347149852;-32.3041789042;441.671400937
104.607293435;-32.2738793671;442.636495365
104.843220796;-32.2540189943;443.608063091
105.113833092;-32.2372459424;444.570605375
105.339975558;-32.2343990048;445.544695453
105.608698023;-32.2329224147;446.507911969
105.894410788;-32.2344828339;447.466226
106.145533449;-32.2330231228;448.434180171
106.373980027;-32.2415206055;449.407699536
106.599789857;-32.2536946749;450.381794867
106.809246454;-32.2741248787;451.359399358
106.982387434;-32.2881765916;452.344196164
107.189894077;-32.30353906;453.322309137
107.381493006;-32.3157431787;454.303706564
107.603487972;-32.3244705327;455.278715317
107.791943318;-32.3364610879;456.260723876
108.026013049;-32.3585039803;457.232693768
108.2742777;-32.3758340632;458.20123098
108.554368106;-32.4042975627;459.160782539
108.798178586;-32.4167946333;460.130524914
109.03376784;-32.4176964525;461.102377212
109.242497528;-32.4201592759;462.080347483
109.436309294;-32.4274144003;463.061359391
109.650518502;-32.4286505722;464.038146413
109.835110705;-32.4380680374;465.020916493
110.040368538;-32.4436161626;465.999608702
110.199893609;-32.4518954274;466.986767862
110.335631876;-32.4539803487;467.977510399
110.48935387;-32.4570736393;468.965619695
110.631982943;-32.4672232797;469.955343865
110.75151154;-32.4748892542;470.948145027
110.853324034;-32.4790840964;471.942939789
110.903646242;-32.4810729145;472.941670844
110.999313933;-32.4814620496;473.937084096
111.093713763;-32.4790058996;474.932615431
111.224459352;-32.4688600991;475.923979468
111.379298756;-32.4577624407;476.911856789
111.529959981;-32.4513244923;477.900421277
111.686638309;-32.4507678409;478.888070806
111.883397827;-32.4521678046;479.868521586
112.051324423;-32.4547667003;480.854317662
112.178040432;-32.4575534871;481.846252785
112.325729554;-32.4633458136;482.835269656
112.430464369;-32.4725118845;483.8297276
112.570887016;-32.4792484461;484.819796334
112.691516462;-32.4907167158;485.812427694
112.804928165;-32.5018007813;486.805913944
112.954368751;-32.5123295757;487.794628592
113.064022958;-32.5234015411;488.78853672
113.210270903;-32.5379307324;489.777677984
113.324533076;-32.5483961979;490.771073489
113.390255701;-32.5555526156;491.768885758
113.445806287;-32.5596551954;492.767333203
113.522203025;-32.5663688889;493.764388098
113.624136305;-32.5723466412;494.759161376
113.736579865;-32.5778521382;495.752804237
113.803427713;-32.5821310781;496.750558242
113.895389855;-32.584423328;497.746318108
114.012373714;-32.5914061627;498.739427375
114.173919069;-32.5944745425;499.726287894
114.333073175;-32.6054257748;500.713480905
114.542461355;-32.6296139557;501.691014292
114.713081136;-32.6511673009;502.676115476
114.923900444;-32.6800964408;503.653212362
115.149971015;-32.7177006655;504.626597188
115.397502383;-32.7651588572;505.594314058
115.681568006;-32.809779616;506.552080058
115.93855844;-32.8439822093;507.517888579
116.195191639;-32.886353943;508.483468217
116.423979543;-32.9216878548;509.456303049
116.70256476;-32.9535111026;510.416187186
117.000950187;-32.9947537696;511.36974116
117.312199604;-33.0495478632;512.318488443
117.591732391;-33.0914318471;513.277710603
117.88242769;-33.1421735251;514.233179873
118.18449391;-33.1902626298;515.185253104
118.528881933;-33.2282831199;516.123310315
118.895115631;-33.2765614852;517.052579962
119.288750054;-33.3087167271;517.971284475
119.636165139;-33.3230086228;518.908887003
119.999869698;-33.3317540715;519.840360304
120.328017526;-33.350220409;520.784806172
120.639665044;-33.3759233423;521.734656257
120.939274072;-33.4012850769;522.688381172
121.248436711;-33.4121533182;523.639328249
121.556614769;-33.410047866;524.590654614
121.839369499;-33.4120049549;525.549844862
122.170042424;-33.4021416168;526.493538738
122.483533321;-33.3869051033;527.443007698
122.830451905;-33.3637494685;528.380617058
123.145911621;-33.336269889;529.329158064
123.437294613;-33.2973054089;530.284970661
123.742896048;-33.2594395221;531.236376956
124.058948249;-33.2313959127;532.1847042
124.377078914;-33.2153572866;533.1326154
124.720416978;-33.1876326741;534.071417999
125.090417392;-33.1432704532;534.999389813
125.434183007;-33.0879551962;535.936814703
125.802968788;-33.0361927004;536.864886732
126.162378254;-32.998490856;537.797304775
126.481409416;-32.969120114;538.74459379
126.791861041;-32.9554456021;539.695084608
127.086657349;-32.9307416645;540.650325338
127.344240959;-32.9068850349;541.6162868
127.627647446;-32.8925282825;542.575179206
127.86290174;-32.8794489653;543.547025052
128.122162879;-32.8755914258;544.512824608
128.370461111;-32.8808727077;545.481493847
128.573548881;-32.8936927856;546.460570455
128.783557493;-32.9053698515;547.438200256
128.963797565;-32.9108747034;548.421807502
129.144584019;-32.9228938393;549.405256432
129.319830968;-32.9380902675;550.389663652
129.538718595;-32.9638677208;551.365073171
129.733939779;-32.977038977;552.345743966
129.934347624;-33.0008071786;553.325168168
130.117362538;-33.0311620456;554.307809569
130.323046486;-33.0591226242;555.286028522
130.566327504;-33.1002383202;556.255112546
130.780171534;-33.1459062454;557.230912306
131.013711774;-33.1893696223;558.202287564
131.212743958;-33.2201981891;559.181795496
131.404513455;-33.2425015412;560.162982033
131.612856906;-33.2626558703;561.140830083
131.802303961;-33.2786895688;562.122590102
131.994318232;-33.2955890329;563.103836721
132.160884665;-33.3096912993;564.089766105
132.327874531;-33.3306552127;565.075501819
132.50835245;-33.3524697741;566.058838916
132.641290196;-33.3653124388;567.049880097
132.732600399;-33.3782844248;568.045618101
132.781949154;-33.3878390771;569.044354007
132.807044652;-33.3935244942;570.044022898
132.841480041;-33.4032431795;571.043382569
132.900907598;-33.4171838709;572.041517841
132.970371002;-33.4343753041;573.0389542
133.033594513;-33.4498935238;574.036832937
133.046172124;-33.4533110775;575.036747995
133.046172124;-33.4533110775;576.036747995
133.046172124;-33.4533110775;577.036747995
133.046172124;-33.4533110775;578.036747995
133.046172124;-33.4533110775;579.036747995
133.046172124;-33.4533110775;580.036747995
133.079616697;-33.4610849253;581.036158335
133.079616697;-33.4610849253;582.036158335
133.127962684;-33.4713870698;583.034935854
133.127962684;-33.4713870698;584.034935854
133.17867548;-33.4803500681;585.033608912
133.25029224;-33.4939761675;586.030948056
133.300196988;-33.50172213;587.029672
133.399702535;-33.5177009837;588.024580701
133.452500479;-33.528117233;589.02313159
133.539429658;-33.5447596621;590.019207063
133.672868598;-33.5751607681;591.009797706
133.784381138;-33.602085227;592.003195928
133.888025847;-33.6319493138;592.997361865
133.984266674;-33.6586243018;593.992362442
134.107180919;-33.6997039623;594.983929157
134.215641815;-33.7398324849;595.977219615
134.321933412;-33.7789211042;596.970786008
134.457122902;-33.8277711077;597.960400821
134.627188662;-33.8869516992;598.944054874
134.78383999;-33.940746046;599.930242751
134.928322932;-33.9926889777;600.918385763
135.106788949;-34.0626010272;601.899844975
135.309923617;-34.1503528174;602.875055686
135.487333915;-34.2322658166;603.855777791
135.627979104;-34.2974400995;604.84369036
135.803531031;-34.3729145451;605.825263143
135.96006339;-34.4373967687;606.8108288
136.098528502;-34.4939770217;607.799578559
136.216962045;-34.5364999908;608.791629613
136.316161011;-34.5751177308;609.785947588
136.418966033;-34.6178185792;610.779732155
136.490246079;-34.6436088699;611.776855024
136.537552222;-34.6620436146;612.775565337
136.622422334;-34.6973738528;613.77133079
136.738865732;-34.7391943363;614.763647263
136.858611646;-34.7817927664;615.755537524
136.987404867;-34.823991811;616.74631073
137.111495208;-34.8685705393;617.737579778
137.280577745;-34.9269177075;618.721453095
137.429828123;-34.9872768331;619.708408565
137.564802306;-35.0371125811;620.698003618
137.675996416;-35.0764456612;621.691023647
137.771335022;-35.1068824141;622.686003121
137.828194046;-35.1250753544;623.684219565
137.895194996;-35.1484590773;624.681698424
138.009702764;-35.1854291872;625.674432619
138.099495807;-35.210148001;626.670086269
138.164352393;-35.2268856851;627.667840483
138.271448423;-35.2508404766;628.661800547
138.385765775;-35.2801546584;629.65481224
138.461439644;-35.3036565234;630.65166786
138.532805796;-35.3255673511;631.648877361
138.618496973;-35.3526079517;632.644832093
138.735262156;-35.3896965987;633.63729888
138.895491714;-35.4394802032;634.623122435
139.05346679;-35.4904929998;635.609246956
139.200199697;-35.5371539175;636.597321959
139.347786972;-35.5821725805;637.585345904
139.488248942;-35.6243954773;638.574531257
139.66628072;-35.680662038;639.556946017
139.861628115;-35.7362067721;640.536105952
140.067194204;-35.7871600308;641.513421841
140.306596363;-35.8508766009;642.482249383
140.577504212;-35.9103071666;643.443018317
140.832402021;-35.980156415;644.407460223
141.119594177;-36.0665262712;645.361431351
141.440060948;-36.1698191183;646.303042543
141.77018457;-36.2608370657;647.242581859
142.060969214;-36.3312839763;648.196773414
142.327101189;-36.3837102438;649.159283289
142.555969254;-36.4167756131;650.132179013
142.776547232;-36.4398421602;651.107275567
143.005886716;-36.4587667206;652.080438073
143.213111795;-36.4848926052;653.05838245
143.38788865;-36.5159684363;654.042499996
143.52025686;-36.5450342713;655.033274356
143.654611067;-36.5753956121;656.023742496
143.761036132;-36.5984641174;657.017795588
143.905165997;-36.6270159274;658.00694238
144.010018293;-36.643801706;659.001288514
144.086976211;-36.6595888671;659.99819786
144.121797495;-36.6677468953;660.997558118
144.184067791;-36.6853096984;661.995462902
144.272543585;-36.7068247397;662.991308842
144.394297072;-36.7418749375;663.983250157
144.473106232;-36.7623880568;664.979928806
144.524977637;-36.7739939014;665.978515137
144.611474157;-36.7909529648;666.974622934
144.672512689;-36.8037045004;667.972676888
144.778279649;-36.8266022466;668.966804165
144.916335784;-36.8493256672;669.956967864
145.010882327;-36.8627725547;670.952397486
145.096448924;-36.872972301;671.948677729
145.216122829;-36.8891345402;672.941359419
145.37734377;-36.9038554416;673.928167964
145.515140779;-36.9126124987;674.918589742
145.664095271;-36.914384728;675.907432206
145.856840801;-36.9078904128;676.88865949
146.012997381;-36.9015015468;677.876371141
146.144284226;-36.8927359209;678.867676809
146.244732748;-36.8810234971;679.862550125
146.31289275;-36.8742443809;680.860201496
146.353864128;-36.8716860293;681.859358541
146.432133572;-36.8640254883;682.85626135
146.519825961;-36.8517253369;683.852333009
146.653898435;-36.8348618633;684.843161044
146.764776537;-36.8264578547;685.836959524
146.877966369;-36.8234912927;686.830528476
146.993596492;-36.8156400418;687.823789787
147.066737274;-36.8104016363;688.821097656
147.113391861;-36.8059767218;689.819998937
147.129057309;-36.8047015781;690.819875414
147.129057309;-36.8047015781;691.819875414
147.129057309;-36.8047015781;692.819875414
147.129057309;-36.8047015781;693.819875414
147.129057309;-36.8047015781;694.819875414
147.129057309;-36.8047015781;695.819875414
147.133408352;-36.8047632868;696.819865946
147.133408352;-36.8047632868;697.819865946
147.133408352;-36.8047632868;698.819865946
147.133408352;-36.8047632868;699.819865946
147.133408352;-36.8047632868;700.819865946
147.133408352;-36.8047632868;701.819865946
147.141866628;-36.8050454065;702.819830134
147.171487767;-36.8062399486;703.819390618
147.223992234;-36.8101265151;704.818003744
147.278074762;-36.8168861147;705.816517334
147.369915531;-36.8264002259;706.812245587
147.438648913;-36.8301352702;707.80987366
147.466278301;-36.8304735697;708.809491838
147.512472477;-36.8301710877;709.808424272
147.608979278;-36.8341407725;710.803748681
147.673918864;-36.8347772011;711.801637675
147.730844357;-36.8326424125;712.800013822
147.738771417;-36.8319768349;713.799982181
147.742268953;-36.8317315812;714.799976034
147.742268953;-36.8317315812;715.799976034
147.742268953;-36.8317315812;716.799976034
147.742268953;-36.8317315812;717.799976034
147.742268953;-36.8317315812;718.799976034
147.742268953;-36.8317315812;719.799976034
147.752970748;-36.8314295563;720.799918723
147.752970748;-36.8314295563;721.799918723
147.752970748;-36.8314295563;722.799918723
147.789783213;-36.8306241693;723.79924059
147.789783213;-36.8306241693;724.79924059
147.789783213;-36.8306241693;725.79924059
147.789783213;-36.8306241693;726.79924059
147.789783213;-36.8306241693;727.79924059
147.789783213;-36.8306241693;728.79924059
147.807741324;-36.8303451544;729.799079291
147.839924249;-36.8295713238;730.798560987
147.919516351;-36.8310176646;731.795387454
147.982572792;-36.8353843526;732.793387863
148.004605451;-36.8375401064;733.793142791
148.035037614;-36.8394032076;734.792677889
148.035037614;-36.8394032076;735.792677889
148.035037614;-36.8394032076;736.792677889
148.035037614;-36.8394032076;737.792677889
148.06091721;-36.8430024355;738.792336477
148.085821721;-36.8452622247;739.792023757
148.085821721;-36.8452622247;740.792023757
148.101339905;-36.8479046294;741.791899851
148.134618073;-36.8528313136;742.791333837
148.134618073;-36.8528313136;743.791333837
148.140424629;-36.8537467323;744.791316559
148.171729984;-36.8581991353;745.79081651
148.171729984;-36.8581991353;746.79081651
148.179284678;-36.8590929406;747.790787573
148.237333633;-36.8678926061;748.789062528
148.29454447;-36.8776387818;749.787377073
148.339215924;-36.8830396459;750.786364206
148.34812892;-36.883767284;751.78632422
148.352007764;-36.8841241174;752.786316634
148.352007764;-36.8841241174;753.786316634
148.370235882;-36.8859628504;754.786148797
148.413060451;-36.8882873051;755.7852287
148.42610073;-36.8893705252;756.785143086
148.42610073;-36.8893705252;757.785143086
148.42610073;-36.8893705252;758.785143086
148.4525498;-36.8929430784;759.784786864
148.523917671;-36.9034163572;760.78218194
148.553458875;-36.9081599675;761.781734247
148.631199308;-36.9234653817;762.77859039
148.720170194;-36.9454080348;763.774382889
148.840083949;-36.9724831006;764.76679794
148.924672948;-36.9948958636;765.762961766
149.049101264;-37.0292043055;766.754597044
149.173383574;-37.0593767774;767.746385091
149.338106905;-37.1004938179;768.731867518
149.479437059;-37.1325588823;769.721310603
149.609274434;-37.1604215956;770.712454349
149.746875055;-37.1920681799;771.702436451
149.843605915;-37.2115184826;772.69755696
149.928001028;-37.2279270774;773.693854216
150.062731601;-37.2468785353;774.684555238
150.233052391;-37.2786617441;775.669431198
150.365052624;-37.2976278947;776.660499421
150.498501979;-37.3235736309;777.651215369
150.62967317;-37.3447125277;778.642349702
150.730685812;-37.3588203115;779.637134812
150.782398764;-37.3657112503;780.635773028
150.795003334;-37.367795258;781.635691415
150.842275146;-37.3761750048;782.634538328
150.920466345;-37.3914059994;783.631360355
150.992991869;-37.4087505255;784.628576087
151.08187255;-37.4338381866;785.624302372
151.166312882;-37.4545836566;786.620514927
151.271412591;-37.4775436168;787.614711533
151.401059967;-37.5086702944;788.605783018
151.485982344;-37.529950298;789.601943322
151.611279263;-37.5565965146;790.593704715
151.706861931;-37.5729348333;791.588992117
151.780133472;-37.5816490149;792.586266074
151.899577185;-37.6014759711;793.578909057
152.02893185;-37.6178905717;794.570371578
152.164180974;-37.6366638921;795.561005333
152.30757108;-37.6602743949;796.5503899
152.449937104;-37.6777611045;797.540049504
152.629630601;-37.701089971;798.523495492
152.824424224;-37.7253963752;799.504038526
153.020887791;-37.7585117213;800.483990281
153.264115711;-37.7932137087;801.45333849
153.461147419;-37.8192874154;802.433388829
153.698169313;-37.8409053744;803.404652586
153.887297464;-37.8497616401;804.386565062
154.086052693;-37.8587518073;805.366572988
154.255758544;-37.8624917708;806.352060653
154.384900301;-37.864712889;807.343684308
154.463579758;-37.8645937528;808.340584267
154.542944782;-37.867952622;809.337424229
154.650223002;-37.8766726046;810.331615029
154.782749289;-37.893404819;811.32265328
154.962867751;-37.9109603277;812.306141533
155.163282166;-37.9344018435;813.285572265
155.38857492;-37.9615369937;814.259485433
155.662703724;-37.9981278651;815.220482054
155.926612975;-38.0312788447;816.18445971
156.139178685;-38.065323271;817.161013239
156.360738024;-38.10884864;818.135188275
156.550471778;-38.1480335992;819.116241608
156.700604417;-38.1768360467;820.104487838
156.898386699;-38.2093375901;821.084194844
157.055727227;-38.2420795532;822.071196324
157.167987587;-38.2665884106;823.064572853
157.239937971;-38.2805091302;824.061883916
157.353389744;-38.3010687943;825.055214674
157.464903046;-38.3160116072;826.048865264
157.616743137;-38.3391016877;827.037000597
157.81228333;-38.360441311;828.017464086
158.029466872;-38.3740673868;828.993499761
158.237918501;-38.3973043237;829.971256358
158.479210579;-38.4339391866;830.941017163
158.706062132;-38.4567889654;831.914678429
158.909413262;-38.4792507422;832.893526623
159.147015404;-38.5110465392;833.864368654
159.373819447;-38.5385783491;834.837919847
159.582420573;-38.5696997511;835.81542536
159.82145605;-38.6054156708;836.785779118
160.020078103;-38.625322405;837.76565309
160.205368675;-38.6469050802;838.748099828
160.414506525;-38.6618163182;839.725872303
160.643425067;-38.6786952781;840.699171539
160.905192574;-38.6911647522;841.664221944
161.152911917;-38.6912746757;842.633053774
161.396034705;-38.6843331359;843.603024457
161.636726167;-38.6749718419;844.573580991
161.835737949;-38.6650326032;845.553527685
162.018658197;-38.656223803;846.536615976
162.15108478;-38.6506634962;847.527793197
162.315561723;-38.6396844864;848.514113021
162.507875778;-38.6360522348;849.495439731
162.679252431;-38.6271004071;850.480604645
162.880965695;-38.6066124569;851.459834956
163.09038292;-38.592168698;852.437554652
163.264896932;-38.5808870544;853.422144711
163.448141948;-38.5734783286;854.405184067
163.612412396;-38.5643263302;855.391556948
163.76285793;-38.5585258289;856.38015823
163.951153723;-38.5608761781;857.362267781
164.185062976;-38.5695074476;858.334487902
164.377056424;-38.5680728702;859.315883061
164.593170062;-38.5588096263;860.292207334
164.811740906;-38.5522831155;861.268006592
165.016291169;-38.5373603515;862.246748898
165.238046353;-38.5119569598;863.22152031
165.477653461;-38.4799158219;864.191861384
165.754022912;-38.4443666441;865.152255148
166.030851561;-38.4029878761;866.112283114
166.287384963;-38.3541290062;867.07758277
166.523890525;-38.320250158;868.04862208
166.782593936;-38.2718867563;869.013367397
167.0814853;-38.2128136102;869.965824386
167.417073491;-38.156540167;870.906150854
167.724856997;-38.095988471;871.855678529
168.018438002;-38.0517036204;872.810586402
168.331321464;-38.0046295056;873.759210651
168.625044086;-37.9702601177;874.714483265
168.899347441;-37.9328213224;875.675397416
169.169072476;-37.9014958767;876.637825139
169.430017465;-37.8707792507;877.602690001
169.735153459;-37.8293439758;878.554096929
170.06127493;-37.7692069313;879.497510053
170.413788731;-37.7013820789;880.430855546
170.734730885;-37.6530702421;881.37672134
171.042254502;-37.6067970931;882.327135997
171.340087487;-37.5675354469;883.28094627
171.652413774;-37.5338775597;884.230324718
171.999978179;-37.5036885359;885.167494717
172.355471469;-37.4640950576;886.101334573
172.723898469;-37.4331086999;887.030474709
173.077725825;-37.396930298;887.965085497
173.444954379;-37.3669305171;888.894732313
173.801185846;-37.3353094853;889.828594857
174.165327188;-37.3111199836;890.759624369
174.518103369;-37.2726844166;891.694542372
174.881553213;-37.2386931011;892.625535821
175.275776857;-37.1849434907;893.542977208
175.671802808;-37.1256790587;894.459302026
176.05086542;-37.0806654866;895.383577588
176.426586759;-37.0302287417;896.308936767
176.824343287;-36.9924451467;897.225649451
177.212095485;-36.9550692767;898.14665503
177.565734787;-36.9131987997;899.081099308
177.923624586;-36.8727030217;900.013984608
178.31881563;-36.8243907404;900.931312228
178.694004005;-36.7697064457;901.85664639
179.047810986;-36.7277923812;902.791025237
179.355530588;-36.6965710484;903.741989945
179.679275031;-36.6725851842;904.687830425
179.970291166;-36.6545630083;905.644378809
180.23168333;-36.6467128527;906.609579571
180.479602128;-36.6507217713;907.578352093
180.722521482;-36.6611863089;908.548342134
180.944963513;-36.6634875955;909.523285336
181.207519556;-36.672049027;910.488164099
181.513024248;-36.6818004619;911.440304735
181.796150631;-36.6810142086;912.399387022
182.040707638;-36.6764180235;913.369011045
182.289425535;-36.6674215969;914.337545233
182.496135528;-36.6602114289;915.315920923
182.751896689;-36.6594138334;916.282660595
183.020643627;-36.6493871007;917.245819225
183.332939674;-36.6431460588;918.195783555
183.645248014;-36.644013891;919.145763949
183.935954233;-36.6347118027;920.102531092
184.246232387;-36.6215153325;921.053085309
184.511624454;-36.6082241909;922.017134268
184.807631955;-36.5806518532;922.97192185
185.07398067;-36.5608251627;923.935594649
185.343039307;-36.5321946768;924.898292808
185.646983377;-36.4998647077;925.850433961
185.958485056;-36.4783091892;926.800435047
186.285169898;-36.4414296816;927.744848577
186.603755408;-36.4043586492;928.692017523
186.930247542;-36.3742745715;929.636738558
187.258827392;-36.3521485242;930.580955546
187.600446417;-36.3346624826;931.520631384
187.935450233;-36.3225554494;932.462770367
188.273476906;-36.3216636319;933.403906474
188.63101016;-36.3143115397;934.337777943
189.033527281;-36.2870538311;935.252784492
189.457957133;-36.2532274942;936.157613249
189.862291141;-36.2292302173;937.071909777
190.293364134;-36.1857768697;937.973179925
190.741445107;-36.1186267874;938.864647428
191.197338123;-36.038023206;939.751024673
191.636194778;-35.9756366893;940.647413405
192.117604408;-35.9003496821;941.520669745
192.565620382;-35.8513357835;942.413350721
192.998268377;-35.7888311753;943.312744342
193.39070373;-35.7386076219;944.231151707
193.795107977;-35.7045348922;945.14509714
194.152659208;-35.6729541073;946.078456541
194.52971229;-35.6327829637;947.003776622
194.951131516;-35.606545241;947.910262925
195.334664618;-35.592387004;948.833681522
195.759741514;-35.5654167816;949.73843687
196.229053541;-35.5578004961;950.621436424
196.73791159;-35.5572410962;951.482286686
197.257999536;-35.5782105417;952.336141949
197.808813684;-35.5815761669;953.170763089
198.35859562;-35.5586362545;954.005756252
198.893308564;-35.5633855833;954.850776673
199.392759179;-35.5534968414;955.717062594
199.845921834;-35.5342391806;956.608282404
200.279530023;-35.5321594427;957.509381518
200.67296284;-35.5342488759;958.428732514
201.030746638;-35.5521561175;959.362365249
201.385836564;-35.5810893148;960.296749546
201.747693676;-35.6092491096;961.228557711
202.083907961;-35.6250162827;962.170211231
202.431289481;-35.6582271916;963.107346821
202.753232801;-35.6962055175;964.053343727
203.060078524;-35.7428404006;965.003959785
203.34460979;-35.7718800649;965.962186614
203.670178219;-35.8151883813;966.906712732
203.968483582;-35.8552076677;967.860343881
204.241026014;-35.8944210844;968.821688216
204.48381851;-35.9279860679;969.791185609
204.732585828;-35.9566805385;970.759323745
205.010161689;-35.9843044691;971.719630237
205.311909214;-35.9993907747;972.672898738
205.617085931;-36.0170753639;973.625030255
205.950394489;-36.0412578775;974.567537874
206.240996115;-36.0632743126;975.524128681
206.553055851;-36.1028172089;976.473367892
206.882452858;-36.1518504064;977.416285363
207.174559288;-36.1894481281;978.37193187
207.481978761;-36.2385970044;979.32223585
207.801309112;-36.3063623473;980.267453278
208.080379711;-36.3670463432;981.225804494
208.388723756;-36.4395982915;982.174308666
208.679035527;-36.5202653934;983.127834698
208.967108836;-36.5944731793;984.082563442
209.239075105;-36.655944445;985.042904856
209.533164373;-36.7381156562;985.995144004
209.870102565;-36.8463261685;986.930431735
210.186322316;-36.963265505;987.871882881
210.503586966;-37.0995714671;988.810373065
210.812964154;-37.2430661645;989.750423611
211.142086999;-37.4128472497;990.679322171
211.469610241;-37.5921823542;991.606989917
211.780820853;-37.7582075124;992.54271616
212.060352799;-37.8902532532;993.493729206
212.332134842;-38.0304871717;994.445815845
212.588328805;-38.154184954;995.404493848
212.891994026;-38.2848364679;996.34827222
213.179475046;-38.3935413588;997.299869776
213.480890888;-38.4939316769;998.248062939
213.775563912;-38.5987595231;999.197893941
214.054613537;-38.6870656793;1000.15410173
214.314308573;-38.7758650162;1001.115701
214.598735537;-38.8817556916;1002.06853282
214.907628268;-39.0032095206;1003.01184308
215.227450043;-39.1460871908;1003.94848602
215.52372378;-39.2624366334;1004.89647583
215.798422262;-39.3837750479;1005.85031949
216.031238675;-39.4849006032;1006.81756824
216.291097722;-39.5976467165;1007.77661026
216.547088775;-39.7178060274;1008.73579237
216.791667223;-39.8469989306;1009.69677654
217.080082581;-39.9976325342;1010.64235895
217.34598648;-40.138730607;1011.59597651
217.660601923;-40.2925919737;1012.53264284
218.004714408;-40.4823654353;1013.45219307
218.369283962;-40.692349846;1014.35938411
218.729082222;-40.8868377309;1015.27191886
219.071755769;-41.0715456926;1016.19303656
219.379521116;-41.2548540306;1017.12667383
219.686519767;-41.440926342;1018.0600167
219.986966961;-41.6068323676;1018.99927528
220.2601038;-41.7405929356;1019.95190552
220.535929161;-41.8779234253;1020.9032523
220.816832466;-42.0146425483;1021.85320031
221.114119482;-42.1605961039;1022.79676694
221.398811322;-42.2929949507;1023.74619893
221.657261;-42.4231377299;1024.7034171
221.914683075;-42.5510909019;1025.66120719
222.126459726;-42.6583731971;1026.63261913
222.309631006;-42.7616185601;1027.61026359
222.531492187;-42.8864183231;1028.57732234
222.70795624;-42.9895372354;1029.556213
222.904234775;-43.1086803809;1030.52949593
223.123309516;-43.2556350306;1031.49407386
223.37663371;-43.4364448999;1032.44440782
223.638737785;-43.6054155757;1033.39453959
223.861645057;-43.7660594043;1034.35605189
224.112337962;-43.9328031414;1035.30965012
224.368984475;-44.0999975325;1036.26158426
224.604870509;-44.2381370479;1037.22349655
224.866996544;-44.4080391868;1038.17345613
225.132951126;-44.5641810565;1039.12471208
225.433727454;-44.7507625406;1040.05997726
225.728602039;-44.9170416473;1041.00093434
226.027766502;-45.0863757094;1041.93999057
226.365388997;-45.2709292438;1042.86300251
226.69587588;-45.4375341386;1043.79199187
227.047131263;-45.6057024054;1044.71304512
227.398022719;-45.7806066891;1045.6329819
227.72906041;-45.93758132;1046.56345114
228.067318069;-46.0942830745;1047.49136618
228.431481965;-46.2684233105;1048.40627592
228.799802844;-46.4460410031;1049.31885013
229.162437527;-46.6176471586;1050.23484544
229.487089088;-46.7798856946;1051.16666089
229.779413251;-46.911715304;1052.11385017
230.037337312;-47.0302644654;1053.07271475
230.264373418;-47.1360550771;1054.04083816
230.498721863;-47.2539163287;1055.00581979
230.736804676;-47.385416641;1055.96812132
231.012326256;-47.5237478506;1056.91941115
231.264862145;-47.6408043314;1057.87989197
231.477506907;-47.7516221168;1058.8507172
231.658777369;-47.8430226136;1059.82989387
231.8221272;-47.9205746795;1060.81340926
231.975519328;-47.9904262039;1061.79910273
232.172068605;-48.0708101284;1062.77629606
232.354504586;-48.1433458112;1063.75683453
232.53317471;-48.2201193359;1064.73774371
232.757212256;-48.3031052183;1065.70878465
232.971520979;-48.3770371871;1066.68274863
233.166138056;-48.4365041175;1067.66182364
233.317750851;-48.4768781055;1068.6494387
233.507072339;-48.5210464798;1069.63035997
233.668666225;-48.5594392016;1070.61647021
233.829151925;-48.6027416463;1071.60255806
234.014468844;-48.6587560529;1072.58363911
234.16230932;-48.6964931314;1073.57193011
234.29656132;-48.728568571;1074.56235808
234.397557658;-48.7563334299;1075.55685738
234.50881645;-48.7888218567;1076.55011766
234.580293038;-48.8137809955;1077.54724761
234.62044617;-48.8255896603;1078.54637137
234.669384716;-48.841126447;1079.54505231
234.729516152;-48.8568467125;1080.54311898
234.745851964;-48.8605274576;1081.54297877
234.798616523;-48.8726069076;1082.54151269
234.88225224;-48.8948754061;1083.53776024
234.980458362;-48.9238125442;1084.53250553
235.093617233;-48.9578952372;1085.5254977
235.242669655;-49.0078068624;1086.51306653
235.396219765;-49.0547267274;1087.50009282
235.516263781;-49.0924309592;1088.49214515
235.676063118;-49.1476655053;1089.47774817
235.865562821;-49.207793611;1090.45778617
236.105670669;-49.2745743603;1091.42623263
236.38461884;-49.3397947527;1092.38432147
236.64853214;-49.4076325077;1093.34647936
236.911816285;-49.4688423253;1094.3092539
237.136871201;-49.5273499463;1095.28184176
237.367898926;-49.5945235686;1096.25246728
237.625916404;-49.6621419647;1097.21623838
237.866115387;-49.7311618325;1098.18450523
238.111879011;-49.7968020171;1099.15160999
238.388574354;-49.8793589217;1100.10901484
238.623161498;-49.9443065519;1101.07893786
238.8857172;-50.0159986377;1102.0411877
239.19030338;-50.1099645017;1102.98902612
239.466106038;-50.2040237414;1103.94562727
239.710356515;-50.2830470646;1104.91211422
239.985902755;-50.3731423877;1105.86917069
240.256587975;-50.4755714408;1106.82637381
240.550587875;-50.5857126402;1107.77581205
240.817884294;-50.6920282712;1108.73354354
241.105661036;-50.7924806142;1109.6859583
241.371259045;-50.8917513959;1110.64491764
241.598199866;-50.9691669475;1111.61574445
241.799681021;-51.0479133915;1112.59206629
241.968586591;-51.1145032215;1113.57544654
242.144820659;-51.1849510142;1114.55727069
242.299470458;-51.248245232;1115.54321048
242.411470031;-51.2939090168;1116.53586899
242.479959117;-51.318246031;1117.53322397
242.564475861;-51.3498757527;1118.52914389
242.644226545;-51.3771615257;1119.52558521
242.749161794;-51.4123696559;1120.51944083
242.854773886;-51.4424954108;1121.51339179
242.99927706;-51.4806461849;1122.5021604
243.112992125;-51.513544648;1123.49512896
243.256258976;-51.5478232119;1124.48421925
243.39239882;-51.5835523421;1125.47426438
243.559535975;-51.6227935775;1126.45941681
243.733738631;-51.6707203258;1127.44295962
243.89454812;-51.7214570302;1128.42864014
244.084272944;-51.7763141002;1129.40894376
244.303332788;-51.8434019643;1130.38234605
244.534627647;-51.9188839011;1131.35229716
244.785218393;-52.002172769;1132.31680079
245.009867596;-52.0681808274;1133.28900224
245.272656019;-52.1499817943;1134.2503819
245.514444061;-52.2155683214;1135.21849189
245.753632154;-52.2764714665;1136.18755322
245.962735614;-52.3376731153;1137.16352971
246.144343883;-52.385490016;1138.14573741
246.365580956;-52.4412034646;1139.11936474
246.610731919;-52.5115641043;1140.08629306
246.892966178;-52.6041824102;1141.04115728
247.149439699;-52.6846177411;1142.00435585
247.386324958;-52.7647999221;1142.97257907
247.660202962;-52.846066722;1143.93090393
247.939824976;-52.9279470236;1144.88751626
248.21099699;-53.0064763333;1145.84683836
248.444414965;-53.0684128135;1146.8172403
248.680938142;-53.1348886407;1147.78658943
248.93375944;-53.194113654;1148.75228803
249.137978157;-53.2508063283;1149.72957032
249.381766353;-53.3063287631;1150.69780819
249.613891817;-53.3606661939;1151.66897512
249.808543202;-53.4144043328;1152.64837445
249.972738712;-53.4565187491;1153.63390284
250.157492159;-53.5107189749;1154.61519205
250.298567665;-53.5513842441;1155.60435535
250.448872024;-53.6025824002;1156.59166854
250.638940614;-53.6622794913;1157.57162272
250.8108542;-53.724953485;1158.55473904
250.977714413;-53.7787984482;1159.53924825
251.132714267;-53.8355738291;1160.52552995
251.309680339;-53.9060830013;1161.50721802
251.472236223;-53.976787263;1162.49138086
251.591221454;-54.0280153536;1163.48295446
251.671652617;-54.0629226249;1164.4791032
251.745727529;-54.0996309199;1165.47568004
251.838031523;-54.1446474562;1166.47039281
251.968705782;-54.2069883876;1167.45985622
252.095706075;-54.2648493991;1168.45006985
252.266754762;-54.3460470365;1169.43198089
252.470352639;-54.4519094926;1170.40529535
252.68775901;-54.5792565958;1171.37303353
252.91102186;-54.714841401;1172.33831611
253.149672294;-54.8621849295;1173.29817853
253.354582058;-54.9882281892;1174.26880981
253.577232888;-55.1306912172;1175.23324275
253.822378774;-55.2919759395;1176.18921907
254.091944219;-55.4542345389;1177.13843276
254.354904784;-55.6259751435;1178.08783094
254.585717698;-55.7867602295;1179.04745251
254.859599411;-55.9685670575;1179.99187565
255.139268926;-56.1702985333;1180.93053927
255.466333517;-56.3816743071;1181.85159791
255.795576859;-56.5761334984;1182.77560248
256.110433875;-56.7633038549;1183.7061036
256.380866345;-56.9403832711;1184.65241705
256.669830771;-57.1158511822;1185.59353903
256.935861895;-57.259314777;1186.54676809
257.226354087;-57.4317077982;1187.487988
257.537709034;-57.599657639;1188.42332268
257.827109946;-57.7467181602;1189.36916638
258.140213194;-57.8933379881;1190.30749947
258.458895219;-58.0391175394;1191.24408373
258.75598934;-58.1576346511;1192.19154813
259.004851982;-58.2668273809;1193.15391206
259.282819265;-58.3785259547;1194.10798628
259.543889734;-58.4728487375;1195.06868676
259.829999384;-58.5882281594;1196.01991169
260.113786533;-58.7027278076;1196.97193831
260.383687543;-58.8074020412;1197.92911998
260.665248374;-58.9253889615;1198.8813818
260.929454296;-59.0388802585;1199.83914741
261.175393977;-59.1404444344;1200.80309678
261.446257131;-59.2680772969;1201.75721575
261.760279438;-59.4030520606;1202.69698796
262.071781475;-59.5398197438;1203.63733953
262.337309072;-59.6604729829;1204.59386339
262.634412287;-59.795061804;1205.53917579
262.936678483;-59.9477080705;1206.48009782
263.210689225;-60.1035787175;1207.42910912
263.502022821;-60.2498412939;1208.37448312
263.82014411;-60.3929545722;1209.31166903
264.178577154;-60.5556820574;1210.2309326
264.560955443;-60.7256591918;1211.1391697
264.958498287;-60.9058077946;1212.0388953
265.338352289;-61.0702728195;1212.94920415
265.691394613;-61.219549518;1213.87282614
265.998787328;-61.3660264356;1214.81306772
266.317547556;-61.5377017955;1215.74522623
266.644233704;-61.7125363452;1216.67404755
266.986127302;-61.8931155937;1217.59627307
267.355599675;-62.1015612049;1218.50183399
267.681686056;-62.3062166513;1219.42475535
268.001224115;-62.5229523894;1220.34720917
268.363851949;-62.7606363454;1221.24832369
268.738665158;-63.0061055043;1222.14233709
269.112286084;-63.2454014848;1223.03852057
269.454124665;-63.4480285478;1223.95617446
269.777899254;-63.6527169719;1224.87990205
270.095388946;-63.8470313995;1225.80804116
270.392096181;-64.0439112845;1226.74249454
270.699767415;-64.2591052137;1227.66933325
271.031921932;-64.4967731221;1228.58212421
271.384941371;-64.7659773003;1229.47817465
271.760651481;-65.0536427773;1230.35913463
272.111391184;-65.2995303318;1231.26275013
272.45324462;-65.545563207;1232.16972535
272.789583701;-65.7833461599;1233.0809527
273.161353461;-66.0419777914;1233.97252262
273.546993187;-66.2909233642;1234.86095276
273.911884958;-66.5377594705;1235.75868653
274.326833018;-66.7885713671;1236.63327872
274.712117752;-67.041924143;1237.52061634
275.096026418;-67.2758053825;1238.41387649
275.495327761;-67.517006909;1239.29839911
275.860617685;-67.7373751632;1240.20283325
276.261028495;-67.9858680394;1241.08483238
276.697016078;-68.243936178;1241.94698994
277.168900288;-68.5243219594;1242.78287816
277.620777079;-68.7686160422;1243.64085704
278.093315261;-68.9936681957;1244.49294811
278.594217083;-69.2514448664;1245.3191736
279.134455469;-69.5245689414;1246.11512946
279.660067014;-69.7606935664;1246.93242846
280.173592582;-69.9801626793;1247.76196134
280.67631859;-70.2182725711;1248.5929669
281.145821844;-70.4345503507;1249.4489988
281.629243616;-70.6773803877;1250.29003207
282.12180648;-70.9529105248;1251.11554099
282.629120445;-71.2188063362;1251.93525555
283.167938405;-71.4924138623;1252.73200779
283.705938321;-71.7448508394;1253.53626624
284.217419423;-71.9581002269;1254.36867947
284.708693531;-72.1516820421;1255.21790019
285.193567259;-72.3574364019;1256.06793702
285.69597481;-72.5459431265;1256.91176868
286.228220855;-72.74889577;1257.73367157
286.764872039;-72.9291447147;1258.55799907
287.306507377;-73.1411233488;1259.37144619
287.879201366;-73.3377484055;1260.16728549
288.480844243;-73.5505191923;1260.93719096
289.079139042;-73.7512355553;1261.71292047
289.703682857;-73.9456086225;1262.46933579
290.339226696;-74.1726007434;1263.20727793
290.953558316;-74.4144454302;1263.95834904
291.543144916;-74.679792924;1264.7212241
292.110605815;-74.9207089734;1265.5085916
292.670556522;-75.1780377895;1266.29614292
293.234205038;-75.46059997;1267.07232522
293.811376421;-75.7633522651;1267.83075402
294.349535815;-76.0603900806;1268.61952078
294.886799037;-76.347263305;1269.41264876
295.401162807;-76.6425437442;1270.2177819
295.886817026;-76.9500740115;1271.03605148
296.417396593;-77.2642536387;1271.82331033
296.946582737;-77.5743207771;1272.61313334
297.445982974;-77.869898191;1273.42752477
297.942399166;-78.1552353123;1274.24737457
298.399532783;-78.4442950112;1275.08848891
298.872680483;-78.7137486921;1275.92725346
299.338917934;-78.966024726;1276.77518002
299.770251249;-79.2289096292;1277.63822295
300.192340743;-79.4990351546;1278.50359724
300.588140966;-79.7356063562;1279.39093947
300.981384985;-79.972969091;1280.27920637
301.393046241;-80.2027641302;1281.16109596
301.831689467;-80.4389430691;1282.02816668
302.243305166;-80.6402586902;1282.91701117
302.662980181;-80.8716391114;1283.79469903
303.120121445;-81.0970635432;1284.65505111
303.587890403;-81.329709561;1285.50773395
304.058274858;-81.5840522836;1286.3527477
304.553342504;-81.8394086316;1287.18323019
305.04592947;-82.1237021169;1288.00574785
305.517249129;-82.3947989105;1288.84501199
305.984489909;-82.6953088615;1289.67650452
306.431914739;-82.9803988213;1290.5241688
306.873303446;-83.2303174926;1291.38597892
307.309449769;-83.5052086529;1292.24284018
307.768536108;-83.7663445483;1293.09198551
308.252851292;-84.0172867992;1293.93011842
308.703177061;-84.2715863953;1294.78600301
309.15258961;-84.5546396252;1295.63329825
309.571397178;-84.8439982274;1296.49403736
309.974829921;-85.1112102354;1297.36916008
310.369757927;-85.3963726387;1298.24249522
310.797599436;-85.6926012711;1299.09642744
311.202033648;-85.9699252804;1299.96793439
311.611135357;-86.2697901352;1300.82974462
312.021904152;-86.5765478415;1301.68832991
312.428510011;-86.9046250021;1302.54099459
312.844850617;-87.27383938;1303.37186235
313.251350803;-87.6087556726;1304.22191451
313.632471149;-87.9228796514;1305.09143933
314.030509039;-88.2350078412;1305.95407589
314.41570687;-88.5467260012;1306.82266924
314.780019977;-88.8739607652;1307.69455993
315.1306853;-89.1786486266;1308.58011012
315.476084406;-89.4683393304;1309.47273476
315.856878245;-89.7870673823;1310.34072582
316.207158966;-90.083825038;1311.22911668
316.557830741;-90.369705954;1312.12091341
316.916783468;-90.6906976741;1312.9973364
317.29750976;-91.0210536513;1313.86099861
317.678178416;-91.3683170552;1314.71802808
318.031525735;-91.6964861698;1315.59407071
318.370728231;-91.9913279928;1316.48738475
318.704962913;-92.2911018763;1317.38092982
319.028686178;-92.5663970316;1318.28614572
319.369166888;-92.8601314436;1319.1793383
319.746375046;-93.1669140738;1320.05317949
320.136531743;-93.5155690863;1320.90536341
320.566224018;-93.8646328061;1321.73814133
321.005917242;-94.2045593;1322.56947751
321.485010681;-94.5422400145;1323.37968811
321.966262879;-94.8594165866;1324.19687557
322.455563628;-95.2181899871;1324.99177583
322.955058138;-95.5886879965;1325.77486999
323.49095201;-95.9509731737;1326.53747553
324.056091878;-96.336511089;1327.26684337
324.624887093;-96.7058619754;1328.00172562
325.202143542;-97.0775306059;1328.72880018
325.762228667;-97.4610497687;1329.46311463
326.306360721;-97.8612995266;1330.20048865
326.850081068;-98.2481957092;1330.94525675
327.402840877;-98.6264052073;1331.68782942
327.953351047;-98.9800114491;1332.4440709
328.481139196;-99.3384311098;1333.21411961
329.019849062;-99.7313951564;1333.95935175
329.566106397;-100.163706698;1334.67678443
330.113935511;-100.628697781;1335.37224583
330.622143813;-101.096388548;1336.09542607
331.129186232;-101.601383568;1336.79391588
331.620510363;-102.090017322;1337.51491356
332.082945943;-102.575759389;1338.25667362
332.557338506;-103.091096303;1338.97038193
333.069037147;-103.619244594;1339.64804253
333.583618946;-104.133656461;1340.33403524
334.086630523;-104.614259194;1341.0523669
334.603118328;-105.087248438;1341.76617466
335.118097822;-105.577288447;1342.46949316
335.641030155;-106.093995875;1343.14739817
336.190281553;-106.620661252;1343.79620206
336.732706467;-107.104627175;1344.48289864
337.234057053;-107.580977219;1345.20521314
337.687833276;-108.059192571;1345.95714213
338.112086838;-108.53044553;1346.73040119
338.539905115;-109.0020725;1347.50146508
338.931698288;-109.453115636;1348.30337417
339.296816715;-109.919218128;1349.10925072
339.670681842;-110.423391816;1349.88773242
340.085520445;-110.942835848;1350.63478451
340.490236515;-111.504996342;1351.3560199
340.882841497;-112.073929571;1352.07863758
341.306442626;-112.657934189;1352.77109746
341.717326864;-113.27583992;1353.44144561
342.129880686;-113.857573882;1354.14243416
342.517641104;-114.424847487;1354.86896187
342.896517275;-114.988903359;1355.60264697
343.301879855;-115.559146602;1356.31714247
343.68351532;-116.155568104;1357.02328393
344.066088202;-116.763688999;1357.71886065
344.415422168;-117.358724448;1358.44266904
344.800654926;-117.963858904;1359.13938133
345.215070774;-118.573488579;1359.81511143
345.648341806;-119.146467668;1360.5107918
346.07138203;-119.697801108;1361.22986649
346.496354319;-120.205595834;1361.97922826
346.915680003;-120.695707974;1362.74339844
347.303724792;-121.160237175;1363.53940966
347.683012643;-121.592876237;1364.35731196
348.062103326;-121.999098406;1365.18874073
348.417824653;-122.377342903;1366.04337131
348.768355092;-122.781965661;1366.88800664
349.150609696;-123.204670887;1367.70971323
349.574731631;-123.646019859;1368.50049238
349.960891461;-124.08184474;1369.31347286
350.363357739;-124.499978446;1370.12783463
350.741354594;-124.926149558;1370.94972061
351.126506648;-125.381334238;1371.75250626
351.513823963;-125.82397127;1372.56124463
351.919988395;-126.260800949;1373.36387175
352.323040489;-126.733794756;1374.14734215
352.758673498;-127.221095358;1374.90415256
353.188663177;-127.754372048;1375.63266121
353.617297789;-128.257044008;1376.3833897
354.045343481;-128.728085473;1377.15468525
354.504928352;-129.213755042;1377.89826229
354.917177282;-129.694660593;1378.67207149
355.351601544;-130.161153838;1379.44256459
355.770590551;-130.610290611;1380.23169345
356.192631358;-131.06750718;1381.01453096
356.637011813;-131.5406237;1381.77524561
357.058005804;-132.010430315;1382.55116171
357.4581702;-132.461915281;1383.34867647
357.850495066;-132.885832854;1384.16499448
358.237415158;-133.300971973;1384.9883731
358.609943902;-133.670315538;1385.83972947
358.975289729;-134.039123315;1386.69442429
359.361387038;-134.436443231;1387.52693
359.733771851;-134.804684171;1388.3788268
360.063515177;-135.152854318;1389.25634996
360.391554851;-135.528462122;1390.12313064
360.729623202;-135.923713189;1390.97723039
361.06616582;-136.296773725;1391.84184875
361.409403104;-136.678772914;1392.69990748
361.773313141;-137.09372057;1393.53380671
362.147314036;-137.545937448;1394.34351235
362.535408806;-138.033248884;1395.12575912
362.949258502;-138.504232091;1395.90479908
363.386702329;-138.990668921;1396.66112051
363.829445075;-139.511340072;1397.39110709
364.248910534;-140.060212395;1398.11414783
364.693668021;-140.613438534;1398.81851394
365.136597534;-141.149073441;1399.53747756
365.563117041;-141.655355542;1400.28698376
365.994035926;-142.196063669;1401.00944043
366.408733806;-142.767818289;1401.71734037
366.856485884;-143.35531782;1402.39140444
367.304330722;-143.962733143;1403.04751543
367.769578688;-144.559345426;1403.7014253
368.210021949;-145.175781107;1404.35412491
368.651350792;-145.801927704;1404.99690737
369.107710946;-146.45355548;1405.60280889
369.544479266;-147.117677189;1406.2095838
369.963839419;-147.767885463;1406.84311853
370.361890551;-148.436579181;1407.47113446
370.775141651;-149.05813626;1408.13663452
371.199037011;-149.629421332;1408.83944751
371.604471006;-150.22390626;1409.53386161
371.993362098;-150.790984501;1410.25993735
372.404392348;-151.362178513;1410.97042418
372.812826743;-151.902119769;1411.70638939
373.196678587;-152.465964398;1412.43764652
373.622935226;-153.029290265;1413.14543833
374.060161696;-153.610399504;1413.83183841
374.514519913;-154.161449376;1414.53176887
374.952802861;-154.680032078;1415.26592147
375.382267173;-155.185742092;1416.01413119
375.798044519;-155.653605982;1416.79402386
376.199628011;-156.145377677;1417.56661126
376.646940871;-156.644070379;1418.30905102
377.085492584;-157.136525134;1419.06082274
377.536421847;-157.634346125;1419.80165812
377.964611308;-158.102041704;1420.57490751
378.385944517;-158.591336305;1421.33849714
378.831359931;-159.09808637;1422.07660925
379.319587205;-159.610616893;1422.78297076
379.809753166;-160.084201049;1423.51471893
380.299845576;-160.545943597;1424.25404514
380.786234919;-161.007675091;1424.99581966
381.306577463;-161.467831154;1425.71519441
381.818081942;-161.954706599;1426.42323076
382.300353512;-162.449082407;1427.14642278
382.755828959;-162.947642879;1427.88397249
383.188359903;-163.441860128;1428.63807214
383.644218262;-163.915794613;1429.39145071
384.089109744;-164.39700127;1430.14677297
384.558498631;-164.892192291;1430.87784063
385.022461454;-165.412754193;1431.59460685
385.495939361;-165.938991917;1432.30093009
385.937987611;-166.478598384;1433.01746216
386.375217047;-167.064012343;1433.70019265
386.782683189;-167.634887475;1434.41298499
387.168511227;-168.185552668;1435.15319076
387.572641207;-168.729673161;1435.88845387
387.964325548;-169.26329128;1436.63801046
388.376154164;-169.787970009;1437.38306712
388.806888779;-170.296898081;1438.12835894
389.253745916;-170.783456451;1438.87907837
389.743069004;-171.264106512;1439.60677228
390.199604458;-171.748524487;1440.3530394
390.62681579;-172.252117088;1441.10396214
391.092008281;-172.769923637;1441.82192616
391.574174381;-173.257881557;1442.54953382
392.049506555;-173.768942426;1443.26568752
392.518705116;-174.324279728;1443.95231201
392.989868818;-174.897218718;1444.62294282
393.452895011;-175.492278318;1445.27983765
393.930310618;-176.071424215;1445.94064349
394.392715966;-176.657016708;1446.60642328
394.867679814;-177.255116462;1447.2519355
395.356849313;-177.871307629;1447.86920501
395.875720125;-178.464613275;1448.48464103
396.391859449;-179.049765759;1449.11009828
396.895945024;-179.643545963;1449.7372528
397.426293959;-180.247365514;1450.33234268
397.953903349;-180.863765795;1450.91687585
398.473312636;-181.468226077;1451.52089717
398.998063392;-182.032300295;1452.15843691
399.531921198;-182.606357724;1452.77928626
400.088252515;-183.169153616;1453.39064233
400.603651555;-183.727276654;1454.04092112
401.136701619;-184.299069697;1454.66454789
401.660219363;-184.890762593;1455.27759657
402.163447671;-185.491427472;1455.89885576
402.655205768;-186.134060241;1456.48639052
403.143665803;-186.746210905;1457.10822519
403.607377955;-187.346026562;1457.76029284
404.087373304;-187.949097389;1458.39740354
404.5476189;-188.57069246;1459.03127542
404.995016972;-189.160698625;1459.70338232
405.438187372;-189.764232335;1460.36621492
405.864382341;-190.36867852;1461.03926964
406.323491537;-190.981854374;1461.68210253
406.774821585;-191.614135986;1462.31180178
407.231275772;-192.221163524;1462.96231477
407.726585033;-192.823193846;1463.58859604
408.180994995;-193.431108056;1464.23971192
408.646270027;-194.035204481;1464.88669465
409.122782187;-194.646571318;1465.5184911
409.608382364;-195.223775947;1466.17501779
410.128173138;-195.782778273;1466.82103168
410.675205885;-196.345410267;1467.4408707
411.191489265;-196.898812435;1468.09447418
411.666198375;-197.45440225;1468.77709503
412.163514755;-198.007312247;1469.4456509
412.665074155;-198.581171958;1470.09304815
413.16576563;-199.109249158;1470.77893627
413.635751586;-199.645808019;1471.47980558
414.0863603;-200.192793788;1472.1853255
414.543951659;-200.740649908;1472.88565672
415.030204081;-201.273742917;1473.57802254
415.482408915;-201.820693702;1474.28254765
415.922003228;-202.331666714;1475.02123799
416.341174106;-202.835323564;1475.7766356
416.777120005;-203.31820045;1476.53609665
417.185998009;-203.814469934;1477.30195263
417.596760302;-204.293469226;1478.07773225
417.993780922;-204.735521213;1478.88207339
418.373527853;-205.191907529;1479.68674959
418.737402667;-205.63763338;1480.50462708
419.087156157;-206.089835019;1481.32510632
419.396991246;-206.529967433;1482.1678908
419.705904115;-206.987489925;1483.00170493
420.004301317;-207.453697282;1483.83453733
420.302416484;-207.949294562;1484.65032571
420.634696971;-208.448039325;1485.45085263
420.989489009;-208.948393924;1486.2406424
421.360075786;-209.431759868;1487.03375198
421.757500729;-209.90768921;1487.81831853
422.142640894;-210.383827032;1488.60886254
422.553465618;-210.869893176;1489.38020082
422.944221367;-211.382799738;1490.14455467
423.346417382;-211.922322126;1490.88425323
423.759808615;-212.434044805;1491.63741164
424.151794831;-212.971138077;1492.3843237
424.547126311;-213.521918994;1493.11941104
424.93750394;-214.076051666;1493.85462685
425.327318688;-214.67114883;1494.55740977
425.722273714;-215.258097261;1495.26416437
426.079254871;-215.832736111;1496.00061168
426.479452294;-216.418126842;1496.70570722
426.878569441;-216.993424355;1497.41966679
427.248425107;-217.553303379;1498.16111286
427.589696929;-218.095898764;1498.92865686
427.902916913;-218.646346646;1499.70254339
428.21081305;-219.156836484;1500.5054133
428.546728874;-219.68409064;1501.28590265
428.86355319;-220.183975901;1502.09196535
429.182734672;-220.692657355;1502.89156922
429.523727754;-221.228869013;1503.66370961
429.857322804;-221.781055048;1504.42778089
430.159411967;-222.312282696;1505.21932326
430.500733639;-222.85199095;1505.98887802
430.854609644;-223.388160984;1506.75522876
431.228240358;-223.922106388;1507.51371567
431.581737842;-224.441634326;1508.29161686
431.943026674;-224.925049023;1509.08897538
432.322281773;-225.404560515;1509.88032505
432.714058482;-225.895781597;1510.65827933
433.095706487;-226.369124485;1511.45218821
433.481703555;-226.879109763;1512.22090225
433.875228063;-227.375267313;1512.99483128
434.259497346;-227.903822864;1513.75177656
434.661037128;-228.443314532;1514.49185395
435.033087026;-228.986984799;1515.24418467
435.392657995;-229.552818517;1515.98616912
435.707414572;-230.106551373;1516.757083
436.038849986;-230.670475963;1517.51348212
436.373561993;-231.266169621;1518.24363069
436.724726307;-231.875768842;1518.95431516
437.101888946;-232.50746549;1519.63159478
437.488410262;-233.098778876;1520.33937282
437.902129825;-233.686742006;1521.0344523
438.350918094;-234.259914224;1521.72006349
438.777340633;-234.84570621;1522.40927432
439.202890051;-235.423956955;1523.10535891
439.610834413;-235.972303989;1523.83535681
440.0376638;-236.518912756;1524.55579802
440.454906198;-237.029656367;1525.30749592
440.833453692;-237.534524268;1526.08326019
441.208506237;-238.033197688;1526.86470783
441.583622835;-238.533093317;1527.6453434
441.964785249;-239.007216221;1528.43902009
442.313987951;-239.48883995;1529.24282109
442.6704579;-240.001053695;1530.02420849
443.019329583;-240.51685003;1530.80666787
443.399926277;-241.0487694;1531.56311215
443.745367361;-241.556899804;1532.35208233
444.100408353;-242.090792105;1533.11948373
444.492477364;-242.636082869;1533.86038849
444.91495793;-243.176594293;1534.58795813
445.313061311;-243.743534381;1535.30913261
445.700425864;-244.346751706;1536.00632524
446.099654951;-244.910614682;1536.72928767
446.479104314;-245.497457021;1537.4445738
446.830227391;-246.072971746;1538.1831504
447.202812489;-246.636341912;1538.92057456
447.551875447;-247.201850117;1539.66780647
447.900314879;-247.772694123;1540.41126264
448.244908123;-248.301199767;1541.18710882
448.617715529;-248.856066008;1541.93084136
449.032916508;-249.411736006;1542.65114615
449.453207841;-249.98177855;1543.3571254
449.919107661;-250.55549491;1544.03076246
450.40740283;-251.118695427;1544.69737555
450.865454533;-251.686866403;1545.38102047
451.327338663;-252.266107281;1546.05269231
451.818473977;-252.842924451;1546.70543119
452.284291461;-253.425012693;1547.37190501
452.730235928;-254.033023338;1548.02875856
453.188249257;-254.634014258;1548.68376521
453.638508861;-255.243414451;1549.33637359
454.094479453;-255.819841412;1550.01447592
454.55880489;-256.374156608;1550.70522664
454.976271081;-256.922105553;1551.43012245
455.386182917;-257.478641264;1552.15278439
455.773912598;-258.061971889;1552.86650078
456.140960655;-258.680232203;1553.56150431
456.470303675;-259.277091638;1554.29314082
456.809632068;-259.852696855;1555.03714007
457.137953828;-260.445913556;1555.77219025
457.464546737;-261.046635468;1556.50189584
457.788898508;-261.647183572;1557.23274323
458.093165236;-262.218856521;1557.9947221
458.383608344;-262.822163532;1558.7374626
458.698487757;-263.448316342;1559.45075329
458.995785134;-264.075639779;1560.17053074
459.320254688;-264.724887571;1560.85842377
459.674199073;-265.369452934;1561.53611017
460.06584993;-266.020645886;1562.18615428
460.495740303;-266.680301282;1562.80263545
460.909672997;-267.316542909;1563.45367793
461.301224252;-267.980691287;1564.09054098
461.664176737;-268.63170677;1564.75720757
462.014044416;-269.276553412;1565.4367408
462.383281498;-269.885316299;1566.13893146
462.76055707;-270.51869187;1566.81457821
463.124604872;-271.152924464;1567.49664728
463.532808018;-271.796669709;1568.14392021
463.946615562;-272.438035538;1568.78999543
464.336542092;-273.102593649;1569.42742764
464.741633473;-273.763810249;1570.05884951
465.159613911;-274.428094275;1570.67854225
465.575901064;-275.096406456;1571.29503542
465.99678071;-275.754446753;1571.91940974
466.39401156;-276.429212195;1572.541422
466.787829905;-277.122300999;1573.14518936
467.216740814;-277.809497512;1573.73153089
467.666738523;-278.503503406;1574.29354323
468.160175634;-279.19951503;1574.81516344
468.639009774;-279.87916361;1575.37085731
469.126189937;-280.57742213;1575.89534804
469.609938937;-281.273505721;1576.42587093
470.081991994;-281.970961822;1576.96505633
470.531698487;-282.696789108;1577.48557417
470.941367073;-283.43211575;1578.02545043
471.352258038;-284.13685233;1578.60382312
471.802728723;-284.84769849;1579.14398412
472.235184612;-285.596004085;1579.64699569
472.617606467;-286.341413136;1580.19299832
473.014925452;-287.097286252;1580.7133765
473.429639154;-287.865420692;1581.20121052
473.795409326;-288.633138721;1581.72734853
474.169936853;-289.392376356;1582.25959598
474.554432507;-290.127985508;1582.81730762
474.91252148;-290.888847676;1583.35847399
475.279960273;-291.637900643;1583.90975286
475.67529195;-292.381611001;1584.44883334
476.084043302;-293.109009233;1585.00002672
476.468266977;-293.822314217;1585.58617361
476.869419839;-294.492017578;1586.21113264
477.235234643;-295.168168642;1586.85066314
477.576434027;-295.860761527;1587.4861929
477.897103062;-296.532304496;1588.15417599
478.256377432;-297.217472376;1588.78779015
478.576936937;-297.884891621;1589.45994576
478.850984773;-298.536655613;1590.16712429
479.107860666;-299.189782542;1590.87947252
479.370011141;-299.840710247;1591.59191216
479.610382694;-300.501542481;1592.30291306
479.834685261;-301.175909032;1593.00641723
480.041917936;-301.836963426;1593.72757027
480.244696406;-302.52210794;1594.42718294
480.471244883;-303.170572074;1595.15393603
480.711889154;-303.773352024;1595.91469004
480.960250373;-304.346935034;1596.69527907
481.218776396;-304.880544042;1597.50052793
481.477624386;-305.43866946;1598.28887667
481.735696008;-306.002078119;1599.07371405
481.98087416;-306.548197515;1599.8747392
482.227334037;-307.129409969;1600.65027102
482.50015041;-307.707832883;1601.41903507
482.758810783;-308.26798316;1602.20600805
483.004107567;-308.795925821;1603.01909232
483.262418342;-309.358995766;1603.80409409
483.565870415;-309.938982868;1604.56009132
483.845872685;-310.506178149;1605.33461584
484.102822784;-311.041349406;1606.13933217
484.380233191;-311.576123447;1606.93749268
484.67300032;-312.131461506;1607.71588015
484.968326002;-312.723341762;1608.46585381
485.265832822;-313.334730142;1609.19912999
485.586655607;-313.951560169;1609.91787435
485.902788454;-314.536794732;1610.66457411
486.185160752;-315.114630269;1611.4303234
486.446793807;-315.67333245;1612.2173431
486.739852448;-316.224603852;1612.99850664
487.017641497;-316.75033454;1613.80252187
487.313702828;-317.282612564;1614.59563459
487.610844947;-317.814044805;1615.38891029
487.915462085;-318.343536063;1616.18064725
488.203651158;-318.871510049;1616.97951553
488.507559445;-319.412058878;1617.76401965
488.816567925;-319.910366076;1618.57408366
489.135597261;-320.384635727;1619.3946253
489.474200957;-320.872387884;1620.1992652
489.794549562;-321.37943698;1620.99943892
490.122705985;-321.901817325;1621.78647903
490.468558918;-322.448871292;1622.5487898
490.846709964;-322.992368037;1623.29819828
491.217488084;-323.533603344;1624.05290877
491.586319963;-324.047556451;1624.82738618
491.997022716;-324.576533873;1625.57002077
492.426600102;-325.103034136;1626.30368332
492.861809624;-325.639655922;1627.02661467
493.323235179;-326.194997058;1627.71848364
493.798672918;-326.748860663;1628.4019996
494.282542736;-327.264447425;1629.10913487
494.745456149;-327.753982524;1629.84809804
495.231806556;-328.22764282;1630.5823386
495.69861735;-328.679077233;1631.34279547
496.215273831;-329.130002064;1632.07062298
496.751389775;-329.602711652;1632.76999794
497.272787785;-330.044499347;1633.50004434
497.772709854;-330.494094025;1634.24027576
498.267178116;-330.951451679;1634.97941385
498.762312911;-331.391562901;1635.72850907
499.25973166;-331.809371613;1636.48877906
499.768045188;-332.266015029;1637.21891203
500.269833426;-332.700352045;1637.96694941
500.748680316;-333.127436269;1638.73395966
501.216480762;-333.563007216;1639.50301147
501.680033342;-333.97460084;1640.28768318
502.124778071;-334.364175736;1641.09417777
502.585900582;-334.768478941;1641.88405431
503.082395086;-335.170929705;1642.65316197
503.600449141;-335.605853644;1643.3896816
504.161328762;-336.044565651;1644.09178261
504.744454946;-336.47738414;1644.77926498
505.308823261;-336.919456739;1645.47644517
505.867447946;-337.320953218;1646.20221307
506.461756721;-337.727108353;1646.89635649
507.077415389;-338.160872039;1647.55424209
507.707009275;-338.624319356;1648.17780293
508.303462054;-339.080567914;1648.83816748
508.850805417;-339.544936842;1649.53442659
509.419995812;-340.035395077;1650.19433038
509.969978235;-340.526458271;1650.86988665
510.54168524;-340.99679149;1651.54214981
511.105323583;-341.450855312;1652.23217725
511.664980195;-341.905971714;1652.92474749
512.188433244;-342.351612481;1653.65097143
512.701160041;-342.776753598;1654.39687106
513.198749637;-343.170036655;1655.17000303
513.712384567;-343.570065754;1655.92905235
514.196111237;-343.957856295;1656.71367137
514.694558752;-344.325143309;1657.49894223
515.145556287;-344.689053242;1658.31390897
515.614860737;-345.040560277;1659.12396831
516.086683219;-345.406901283;1659.92595199
516.58122428;-345.785039762;1660.70853772
517.07677916;-346.172380177;1661.48596473
517.559779178;-346.555527941;1662.27330759
518.018451572;-346.902197177;1663.09150077
518.449970963;-347.259264139;1663.91992952
518.887192669;-347.649560832;1664.7301799
519.359259507;-348.047041485;1665.51704839
519.850605951;-348.419786263;1666.30422055
520.363035623;-348.768660128;1667.0888879
520.838816369;-349.120125342;1667.89517872
521.322945148;-349.48966661;1668.68831085
521.822213488;-349.896229303;1669.45344999
522.304049759;-350.260214626;1670.2505375
522.794402525;-350.61606634;1671.04610253
523.330887502;-350.966210606;1671.81394552
523.845442274;-351.332117468;1672.58941026
524.372972985;-351.722271627;1673.34405659
524.902010527;-352.087504567;1674.11003582
525.444726681;-352.429088605;1674.87735552
525.984567209;-352.766336957;1675.64861147
526.52919484;-353.11826657;1676.40987772
527.064820287;-353.437102184;1677.19182991
527.619403236;-353.744077275;1677.96526643
528.169534572;-354.031741483;1678.74923378
528.717389763;-354.337287187;1679.52801264
529.276968355;-354.644752103;1680.29764705
529.802710634;-354.970284635;1681.08353739
530.326626271;-355.25828171;1681.88514209
530.868805082;-355.538850721;1682.67717944
531.414376102;-355.839494755;1683.45946163
532.005773397;-356.126686207;1684.21296698
532.551596966;-356.421026128;1684.99746723
533.068305511;-356.688388128;1685.81081208
533.605747894;-356.944366335;1686.61432365
534.181181117;-357.209539172;1687.38799023
534.782356721;-357.483472209;1688.13868896
535.368980166;-357.72949201;1688.9102764
535.954751079;-357.956250632;1689.68838499
536.547067383;-358.210851128;1690.45280633
537.130164848;-358.472244767;1691.22200767
537.713319788;-358.71989335;1691.99570044
538.281798434;-358.975578902;1692.77765755
538.873415436;-359.274104487;1693.5265713
539.445986246;-359.579877442;1694.287272
539.989428992;-359.868292455;1695.07561632
540.542718823;-360.176120121;1695.84963989
541.105114517;-360.460029246;1696.62623934
541.645053344;-360.735989573;1697.42141979
542.194356667;-361.004507594;1698.212725
542.760761991;-361.269998395;1698.99291706
543.35663787;-361.526584126;1699.75390043
543.9297232;-361.77458847;1700.53496832
544.512426079;-362.042511707;1701.30221958
545.112761337;-362.286985552;1702.06368535
545.740566316;-362.546221951;1702.79761818
546.35898138;-362.776390397;1703.54900709
546.991775999;-362.9756629;1704.29724598
547.630274315;-363.146782106;1705.04760464
548.276458804;-363.346502316;1705.78418963
548.920433355;-363.534257059;1706.52583977
549.585219849;-363.73003771;1707.246762
550.26774471;-363.961453249;1707.94002
550.965800339;-364.15897564;1708.62828103
551.65504294;-364.324969759;1709.33354027
552.313870392;-364.484394446;1710.06874783
553.004366742;-364.618053004;1710.77962769
553.669428365;-364.769246313;1711.51095089
554.312261535;-364.906139811;1712.26462568
554.926009573;-365.059535059;1713.03908242
555.53049336;-365.211897538;1713.82099356
556.108796313;-365.362594762;1714.6227766
556.687314236;-365.515790391;1715.42393083
557.290850595;-365.649981997;1716.20989297
557.863515891;-365.798039533;1717.01620148
558.436813226;-365.954219768;1717.82052598
559.030124625;-366.11341417;1718.60960059
559.615050597;-366.300490365;1719.39881798
560.208490218;-366.48303729;1720.18272234
560.843766938;-366.663524654;1720.93362034
561.469336885;-366.871212503;1721.68563629
562.047682951;-367.094558858;1722.47025864
562.628107224;-367.333022441;1723.24887458
563.255430899;-367.560205828;1723.99375895
563.914055782;-367.781186348;1724.71305087
564.558738842;-368.034384783;1725.4343513
565.203393824;-368.264293081;1726.16343437
565.850326106;-368.458676626;1726.90079023
566.498554355;-368.617464188;1727.64549597
567.130149279;-368.806019385;1728.39751645
567.758959049;-368.982467028;1729.15479084
568.39106164;-369.130335206;1729.91543617
569.020582883;-369.302803432;1730.67303614
569.672812533;-369.478461018;1731.41042402
570.339571987;-369.637700504;1732.13848626
571.01245074;-369.814813319;1732.85672385
571.672857771;-369.997752653;1733.58500659
572.359068174;-370.179213434;1734.2894122
573.065865849;-370.345213221;1734.97707572
573.795622428;-370.521257771;1735.63772968
574.524949821;-370.712295447;1736.29468186
575.288131246;-370.891454564;1736.91553298
576.06874996;-371.096569629;1737.50592458
576.877781747;-371.298559007;1738.05789184
577.651657167;-371.518250483;1738.65190572
578.434212683;-371.747600153;1739.2307024
579.222501233;-372.003107226;1739.79044993
580.007644524;-372.227311164;1740.36775626
580.806894824;-372.443114828;1740.92867313
581.600524727;-372.645721062;1741.50234751
582.375717091;-372.867309825;1742.09393455
583.148413945;-373.07449264;1742.69394692
583.917551861;-373.278033376;1743.29975055
584.649380127;-373.503074275;1743.94301098
585.363106802;-373.700980591;1744.6148944
586.043702801;-373.916923945;1745.31500693
586.72938881;-374.126275785;1746.01214859
587.402702469;-374.315658353;1746.72683941
588.067609641;-374.520890857;1747.44501632
588.715543912;-374.707912188;1748.18339576
589.404525884;-374.876042205;1748.88840366
590.123283694;-375.044596556;1749.56292322
590.846479801;-375.236385921;1750.22640211
591.540545896;-375.438516485;1750.91735471
592.235456231;-375.618886283;1751.61346272
592.944443486;-375.802670762;1752.29431537
593.631826122;-375.994425694;1752.99484029
594.324020124;-376.214057029;1753.68232086
595.051126801;-376.422726393;1754.33636442
595.779543871;-376.644507116;1754.98460965
596.503144418;-376.887920198;1755.63048295
597.248606466;-377.133098943;1756.25030044
597.977597228;-377.355564564;1756.8976655
598.70748004;-377.561080001;1757.54961219
599.423805576;-377.795722546;1758.20674277
600.133670758;-378.055158471;1758.8615591
600.814340152;-378.336658646;1759.53790725
601.488781074;-378.589939959;1760.23143304
602.128632226;-378.85305995;1760.95348455
602.772322447;-379.113317824;1761.67315721
603.394258873;-379.3602929;1762.41625773
604.012375366;-379.597292125;1763.16576649
604.645551864;-379.815894861;1763.90826252
605.245055544;-380.043340301;1764.67563721
605.822677067;-380.293942515;1765.45252324
606.366888061;-380.548981366;1766.25176637
